<?xml version="1.0" encoding="UTF-8"?>
<beans xmlns="http://www.springframework.org/schema/beans"
	xmlns:xsi="http://www.w3.org/2001/XMLSchema-instance"
	xmlns:context="http://www.springframework.org/schema/context"
	xmlns:mvc="http://www.springframework.org/schema/mvc"
	xmlns:tx="http://www.springframework.org/schema/tx"
	xsi:schemaLocation="http://www.springframework.org/schema/beans http://www.springframework.org/schema/beans/spring-beans-4.3.xsd
		http://www.springframework.org/schema/context http://www.springframework.org/schema/context/spring-context-4.3.xsd
		http://www.springframework.org/schema/mvc http://www.springframework.org/schema/mvc/spring-mvc-4.3.xsd
		http://www.springframework.org/schema/tx http://www.springframework.org/schema/tx/spring-tx-4.3.xsd">
		<context:component-scan base-package="com.cg"/>
		<mvc:annotation-driven/>
		<bean class="org.springframework.web.servlet.view.InternalResourceViewResolver">
			<property name="prefix" value="/WEB-INF/views/"/>
			<property name="suffix" value=".jsp"/>
		</bean>
		<bean id="ds" class="org.springframework.jdbc.datasource.DriverManagerDataSource">
			<property name="driverClassName" value="oracle.jdbc.driver.OracleDriver"/>	
			<property name="url" value="jdbc:oracle:thin:@localhost:1521:xe"/>
			<property name="username" value="amit"/>
			<property name="password" value="amit"/>
		</bean>
		<bean id="entityManagerFactoryBean" class="org.springframework.orm.jpa.LocalContainerEntityManagerFactoryBean">
			<property name="dataSource" ref="ds"/>
			<property name="packagesToScan" value="com.cg.bean"/>
			<property name="jpaVendorAdapter">
				<bean class="org.springframework.orm.jpa.vendor.HibernateJpaVendorAdapter"/>
			</property>
			<property name="jpaProperties">
				<props>
					<prop key="hibernate.hbm2ddl.auto">update</prop>
					<prop key="hibernate.dialect">org.hibernate.dialect.OracleDialect</prop>
				</props>
			</property>
		</bean>
		<bean id="transactionManager" class="org.springframework.orm.jpa.JpaTransactionManager">
			<property name="entityManagerFactory"  ref="entityManagerFactoryBean"/>
		</bean>
		<tx:annotation-driven/>
</beans>
